onset	duration	trial_type	value	sample
0.0	0.0	New Segment/	1	0
70.988	0.0	Stimulus/S200	130	70988
73.97	0.0	Stimulus/S104	105	73970
75.468	0.0	Stimulus/S 88	89	75468
77.017	0.0	Stimulus/S 58	59	77017
78.601	0.0	Stimulus/S127	128	78601
80.081	0.0	Stimulus/S 53	54	80081
81.614	0.0	Stimulus/S 82	83	81614
83.13	0.0	Stimulus/S128	129	83130
84.679	0.0	Stimulus/S 63	64	84679
86.195	0.0	Stimulus/S 87	88	86195
87.728	0.0	Stimulus/S  1	2	87728
89.244	0.0	Stimulus/S 84	85	89244
90.81	0.0	Stimulus/S 33	34	90810
92.36	0.0	Stimulus/S 36	37	92360
93.876	0.0	Stimulus/S 76	77	93876
95.459	0.0	Stimulus/S 46	47	95459
97.058	0.0	Stimulus/S123	124	97058
98.624	0.0	Stimulus/S 54	55	98624
100.207	0.0	Stimulus/S 97	98	100207
101.74	0.0	Stimulus/S 77	78	101740
103.289	0.0	Stimulus/S 49	50	103289
104.872	0.0	Stimulus/S 15	16	104872
106.438	0.0	Stimulus/S 28	29	106438
108.004	0.0	Stimulus/S 52	53	108004
109.604	0.0	Stimulus/S  5	6	109604
111.187	0.0	Stimulus/S118	119	111187
112.736	0.0	Stimulus/S 81	82	112736
114.286	0.0	Stimulus/S 16	17	114286
115.869	0.0	Stimulus/S 80	81	115869
117.402	0.0	Stimulus/S 37	38	117402
118.968	0.0	Stimulus/S 31	32	118968
120.534	0.0	Stimulus/S 27	28	120534
122.05	0.0	Stimulus/S 47	48	122050
123.616	0.0	Stimulus/S 45	46	123616
125.166	0.0	Stimulus/S 94	95	125166
126.682	0.0	Stimulus/S 64	65	126682
128.198	0.0	Stimulus/S 59	60	128198
129.797	0.0	Stimulus/S 50	51	129797
131.33	0.0	Stimulus/S110	111	131330
132.846	0.0	Stimulus/S 22	23	132846
134.412	0.0	Stimulus/S 78	79	134412
135.962	0.0	Stimulus/S 43	44	135962
137.511	0.0	Stimulus/S 42	43	137511
139.094	0.0	Stimulus/S111	112	139094
140.61	0.0	Stimulus/S 92	93	140610
142.177	0.0	Stimulus/S114	115	142177
143.76	0.0	Stimulus/S 91	92	143760
145.359	0.0	Stimulus/S 83	84	145359
146.958	0.0	Stimulus/S 17	18	146958
148.541	0.0	Stimulus/S 89	90	148541
150.091	0.0	Stimulus/S 39	40	150091
151.69	0.0	Stimulus/S 19	20	151690
153.206	0.0	Stimulus/S 44	45	153206
154.756	0.0	Stimulus/S 72	73	154756
156.272	0.0	Stimulus/S 57	58	156272
157.838	0.0	Stimulus/S120	121	157838
159.354	0.0	Stimulus/S 18	19	159354
160.87	0.0	Stimulus/S 56	57	160870
162.437	0.0	Stimulus/S 69	70	162437
164.019	0.0	Stimulus/S 11	12	164019
165.519	0.0	Stimulus/S 20	21	165519
167.085	0.0	Stimulus/S 38	39	167085
168.668	0.0	Stimulus/S109	110	168668
170.201	0.0	Stimulus/S 99	100	170201
171.75	0.0	Stimulus/S 21	22	171750
173.35	0.0	Stimulus/S112	113	173350
174.916	0.0	Stimulus/S 79	80	174916
176.432	0.0	Stimulus/S108	109	176432
177.948	0.0	Stimulus/S102	103	177948
179.481	0.0	Stimulus/S 29	30	179481
181.031	0.0	Stimulus/S 30	31	181031
182.563	0.0	Stimulus/S 71	72	182563
184.146	0.0	Stimulus/S103	104	184146
185.729	0.0	Stimulus/S 74	75	185729
187.262	0.0	Stimulus/S100	101	187262
188.778	0.0	Stimulus/S 35	36	188778
190.361	0.0	Stimulus/S101	102	190361
191.894	0.0	Stimulus/S 67	68	191894
193.46	0.0	Stimulus/S 62	63	193460
194.959	0.0	Stimulus/S 75	76	194959
196.559	0.0	Stimulus/S 24	25	196559
198.142	0.0	Stimulus/S 96	97	198142
199.641	0.0	Stimulus/S113	114	199641
201.191	0.0	Stimulus/S  8	9	201191
202.723	0.0	Stimulus/S121	122	202723
204.256	0.0	Stimulus/S  9	10	204256
205.839	0.0	Stimulus/S126	127	205839
207.422	0.0	Stimulus/S 66	67	207422
208.988	0.0	Stimulus/S  4	5	208988
210.571	0.0	Stimulus/S107	108	210571
212.137	0.0	Stimulus/S 25	26	212137
213.703	0.0	Stimulus/S106	107	213703
215.219	0.0	Stimulus/S  6	7	215219
216.735	0.0	Stimulus/S119	120	216735
218.285	0.0	Stimulus/S 61	62	218285
219.818	0.0	Stimulus/S 55	56	219818
221.417	0.0	Stimulus/S 12	13	221417
222.983	0.0	Stimulus/S115	116	222983
224.55	0.0	Stimulus/S 26	27	224550
226.049	0.0	Stimulus/S122	123	226049
227.649	0.0	Stimulus/S 32	33	227649
229.248	0.0	Stimulus/S 13	14	229248
230.764	0.0	Stimulus/S 65	66	230764
232.347	0.0	Stimulus/S 73	74	232347
233.846	0.0	Stimulus/S124	125	233846
235.396	0.0	Stimulus/S 86	87	235396
236.946	0.0	Stimulus/S 98	99	236946
238.478	0.0	Stimulus/S 51	52	238478
240.028	0.0	Stimulus/S 70	71	240028
241.577	0.0	Stimulus/S105	106	241577
243.177	0.0	Stimulus/S 85	86	243177
244.76	0.0	Stimulus/S 90	91	244760
246.293	0.0	Stimulus/S 48	49	246293
247.825	0.0	Stimulus/S 34	35	247825
249.408	0.0	Stimulus/S 68	69	249408
250.924	0.0	Stimulus/S 60	61	250924
252.524	0.0	Stimulus/S  3	4	252524
254.057	0.0	Stimulus/S125	126	254057
255.623	0.0	Stimulus/S 40	41	255623
257.156	0.0	Stimulus/S 93	94	257156
258.655	0.0	Stimulus/S  2	3	258655
260.238	0.0	Stimulus/S116	117	260238
261.771	0.0	Stimulus/S  7	8	261771
263.27	0.0	Stimulus/S 10	11	263270
264.786	0.0	Stimulus/S 41	42	264786
266.336	0.0	Stimulus/S 95	96	266336
267.885	0.0	Stimulus/S 23	24	267885
269.418	0.0	Stimulus/S 14	15	269418
270.951	0.0	Stimulus/S117	118	270951
273.444	0.0	Stimulus/S244	131	273444
276.938	0.0	Stimulus/S200	130	276938
279.965	0.0	Stimulus/S 14	15	279965
281.481	0.0	Stimulus/S 59	60	281481
283.047	0.0	Stimulus/S 53	54	283047
284.63	0.0	Stimulus/S 39	40	284630
286.196	0.0	Stimulus/S 92	93	286196
287.746	0.0	Stimulus/S 85	86	287746
289.279	0.0	Stimulus/S114	115	289279
290.811	0.0	Stimulus/S 40	41	290811
292.394	0.0	Stimulus/S 90	91	292394
293.96	0.0	Stimulus/S 69	70	293960
295.51	0.0	Stimulus/S110	111	295510
297.109	0.0	Stimulus/S 67	68	297109
298.625	0.0	Stimulus/S 37	38	298625
300.225	0.0	Stimulus/S 72	73	300225
301.724	0.0	Stimulus/S 64	65	301724
303.274	0.0	Stimulus/S112	113	303274
304.857	0.0	Stimulus/S106	107	304857
306.423	0.0	Stimulus/S101	102	306423
307.922	0.0	Stimulus/S 81	82	307922
309.472	0.0	Stimulus/S  3	4	309472
311.005	0.0	Stimulus/S 15	16	311005
312.587	0.0	Stimulus/S 91	92	312587
314.154	0.0	Stimulus/S 31	32	314154
315.686	0.0	Stimulus/S 29	30	315686
317.186	0.0	Stimulus/S 27	28	317186
318.719	0.0	Stimulus/S 55	56	318719
320.268	0.0	Stimulus/S 12	13	320268
321.784	0.0	Stimulus/S122	123	321784
323.384	0.0	Stimulus/S118	119	323384
324.95	0.0	Stimulus/S  4	5	324950
326.5	0.0	Stimulus/S 65	66	326500
328.032	0.0	Stimulus/S 43	44	328032
329.598	0.0	Stimulus/S 62	63	329598
331.131	0.0	Stimulus/S 32	33	331131
332.664	0.0	Stimulus/S 83	84	332664
334.247	0.0	Stimulus/S 82	83	334247
335.813	0.0	Stimulus/S 56	57	335813
337.346	0.0	Stimulus/S104	105	337346
338.929	0.0	Stimulus/S 80	81	338929
340.462	0.0	Stimulus/S 16	17	340462
341.978	0.0	Stimulus/S 35	36	341978
343.561	0.0	Stimulus/S 97	98	343561
345.077	0.0	Stimulus/S124	125	345077
346.676	0.0	Stimulus/S 93	94	346676
348.242	0.0	Stimulus/S115	116	348242
349.825	0.0	Stimulus/S 30	31	349825
351.375	0.0	Stimulus/S102	103	351375
352.941	0.0	Stimulus/S 46	47	352941
354.49	0.0	Stimulus/S 33	34	354490
356.007	0.0	Stimulus/S  1	2	356007
357.589	0.0	Stimulus/S 21	22	357589
359.122	0.0	Stimulus/S 94	95	359122
360.638	0.0	Stimulus/S123	124	360638
362.138	0.0	Stimulus/S113	114	362138
363.671	0.0	Stimulus/S 49	50	363671
365.237	0.0	Stimulus/S  5	6	365237
366.82	0.0	Stimulus/S 42	43	366820
368.336	0.0	Stimulus/S 19	20	368336
369.885	0.0	Stimulus/S 63	64	369885
371.485	0.0	Stimulus/S 51	52	371485
373.051	0.0	Stimulus/S108	109	373051
374.55	0.0	Stimulus/S 10	11	374550
376.1	0.0	Stimulus/S 45	46	376100
377.666	0.0	Stimulus/S109	110	377666
379.182	0.0	Stimulus/S 98	99	379182
380.715	0.0	Stimulus/S 11	12	380715
382.215	0.0	Stimulus/S 70	71	382215
383.797	0.0	Stimulus/S 18	19	383797
385.397	0.0	Stimulus/S 24	25	385397
386.946	0.0	Stimulus/S 44	45	386946
388.463	0.0	Stimulus/S 57	58	388463
390.062	0.0	Stimulus/S 95	96	390062
391.578	0.0	Stimulus/S 77	78	391578
393.111	0.0	Stimulus/S120	121	393111
394.644	0.0	Stimulus/S107	108	394644
396.243	0.0	Stimulus/S 73	74	396243
397.826	0.0	Stimulus/S 22	23	397826
399.392	0.0	Stimulus/S 23	24	399392
400.959	0.0	Stimulus/S 60	61	400959
402.558	0.0	Stimulus/S 61	62	402558
404.091	0.0	Stimulus/S 66	67	404091
405.624	0.0	Stimulus/S100	101	405624
407.223	0.0	Stimulus/S126	127	407223
408.723	0.0	Stimulus/S128	129	408723
410.289	0.0	Stimulus/S116	117	410289
411.805	0.0	Stimulus/S117	118	411805
413.388	0.0	Stimulus/S 75	76	413388
414.937	0.0	Stimulus/S  6	7	414937
416.453	0.0	Stimulus/S 13	14	416453
417.986	0.0	Stimulus/S 41	42	417986
419.552	0.0	Stimulus/S  2	3	419552
421.069	0.0	Stimulus/S 38	39	421069
422.618	0.0	Stimulus/S 78	79	422618
424.167	0.0	Stimulus/S 47	48	424167
425.7	0.0	Stimulus/S125	126	425700
427.2	0.0	Stimulus/S 99	100	427200
428.716	0.0	Stimulus/S 34	35	428716
430.299	0.0	Stimulus/S 48	49	430299
431.865	0.0	Stimulus/S  7	8	431865
433.415	0.0	Stimulus/S 68	69	433415
434.931	0.0	Stimulus/S 88	89	434931
436.48	0.0	Stimulus/S  9	10	436480
438.08	0.0	Stimulus/S 54	55	438080
439.646	0.0	Stimulus/S 74	75	439646
441.229	0.0	Stimulus/S 50	51	441229
442.745	0.0	Stimulus/S103	104	442745
444.294	0.0	Stimulus/S 52	53	444294
445.81	0.0	Stimulus/S 71	72	445810
447.327	0.0	Stimulus/S 17	18	447327
448.826	0.0	Stimulus/S 86	87	448826
450.376	0.0	Stimulus/S 87	88	450376
451.942	0.0	Stimulus/S 84	85	451942
453.525	0.0	Stimulus/S 20	21	453525
455.124	0.0	Stimulus/S 76	77	455124
456.64	0.0	Stimulus/S111	112	456640
458.223	0.0	Stimulus/S 25	26	458223
459.806	0.0	Stimulus/S 96	97	459806
461.389	0.0	Stimulus/S121	122	461389
462.938	0.0	Stimulus/S 89	90	462938
464.521	0.0	Stimulus/S105	106	464521
466.12	0.0	Stimulus/S127	128	466120
467.687	0.0	Stimulus/S  8	9	467687
469.269	0.0	Stimulus/S 58	59	469269
470.819	0.0	Stimulus/S 36	37	470819
472.335	0.0	Stimulus/S 26	27	472335
473.868	0.0	Stimulus/S 28	29	473868
475.467	0.0	Stimulus/S119	120	475467
477.017	0.0	Stimulus/S 79	80	477017
479.511	0.0	Stimulus/S244	131	479511
503.014	0.0	Stimulus/S200	130	503014
506.041	0.0	Stimulus/S  3	4	506041
507.624	0.0	Stimulus/S 57	58	507624
509.173	0.0	Stimulus/S106	107	509173
510.706	0.0	Stimulus/S 25	26	510706
512.272	0.0	Stimulus/S 94	95	512272
513.788	0.0	Stimulus/S 65	66	513788
515.304	0.0	Stimulus/S  2	3	515304
516.871	0.0	Stimulus/S 52	53	516871
518.403	0.0	Stimulus/S 46	47	518403
519.936	0.0	Stimulus/S 28	29	519936
521.519	0.0	Stimulus/S 99	100	521519
523.035	0.0	Stimulus/S 88	89	523035
524.601	0.0	Stimulus/S 56	57	524601
526.167	0.0	Stimulus/S121	122	526167
527.717	0.0	Stimulus/S 58	59	527717
529.266	0.0	Stimulus/S109	110	529266
530.783	0.0	Stimulus/S 66	67	530783
532.315	0.0	Stimulus/S 32	33	532315
533.832	0.0	Stimulus/S 35	36	533832
535.414	0.0	Stimulus/S 85	86	535414
536.931	0.0	Stimulus/S120	121	536931
538.48	0.0	Stimulus/S  1	2	538480
540.08	0.0	Stimulus/S 16	17	540080
541.646	0.0	Stimulus/S 90	91	541646
543.245	0.0	Stimulus/S127	128	543245
544.745	0.0	Stimulus/S 37	38	544745
546.261	0.0	Stimulus/S 45	46	546261
547.827	0.0	Stimulus/S 39	40	547827
549.36	0.0	Stimulus/S113	114	549360
550.943	0.0	Stimulus/S 23	24	550943
552.476	0.0	Stimulus/S 80	81	552476
554.075	0.0	Stimulus/S 13	14	554075
555.674	0.0	Stimulus/S 82	83	555674
557.224	0.0	Stimulus/S  9	10	557224
558.823	0.0	Stimulus/S124	125	558823
560.323	0.0	Stimulus/S111	112	560323
561.889	0.0	Stimulus/S  7	8	561889
563.472	0.0	Stimulus/S 36	37	563472
565.038	0.0	Stimulus/S101	102	565038
566.588	0.0	Stimulus/S 87	88	566588
568.154	0.0	Stimulus/S 42	43	568154
569.687	0.0	Stimulus/S  5	6	569687
571.22	0.0	Stimulus/S 29	30	571220
572.802	0.0	Stimulus/S 79	80	572802
574.352	0.0	Stimulus/S117	118	574352
575.868	0.0	Stimulus/S 62	63	575868
577.434	0.0	Stimulus/S102	103	577434
579.0	0.0	Stimulus/S 43	44	579000
580.583	0.0	Stimulus/S103	104	580583
582.182	0.0	Stimulus/S 97	98	582182
583.732	0.0	Stimulus/S 11	12	583732
585.281	0.0	Stimulus/S 74	75	585281
586.814	0.0	Stimulus/S112	113	586814
588.347	0.0	Stimulus/S114	115	588347
589.93	0.0	Stimulus/S 18	19	589930
591.446	0.0	Stimulus/S 30	31	591446
592.996	0.0	Stimulus/S 89	90	592996
594.578	0.0	Stimulus/S 26	27	594578
596.111	0.0	Stimulus/S119	120	596111
597.611	0.0	Stimulus/S  8	9	597611
599.144	0.0	Stimulus/S 75	76	599144
600.71	0.0	Stimulus/S 93	94	600710
602.309	0.0	Stimulus/S 72	73	602309
603.825	0.0	Stimulus/S 67	68	603825
605.342	0.0	Stimulus/S 10	11	605342
606.908	0.0	Stimulus/S107	108	606908
608.407	0.0	Stimulus/S 53	54	608407
609.973	0.0	Stimulus/S 38	39	609973
611.556	0.0	Stimulus/S 73	74	611556
613.156	0.0	Stimulus/S100	101	613156
614.705	0.0	Stimulus/S123	124	614705
616.305	0.0	Stimulus/S 77	78	616305
617.904	0.0	Stimulus/S 31	32	617904
619.454	0.0	Stimulus/S 69	70	619454
620.97	0.0	Stimulus/S 34	35	620970
622.553	0.0	Stimulus/S115	116	622553
624.119	0.0	Stimulus/S118	119	624119
625.635	0.0	Stimulus/S 61	62	625635
627.151	0.0	Stimulus/S 91	92	627151
628.684	0.0	Stimulus/S 76	77	628684
630.233	0.0	Stimulus/S 50	51	630233
631.783	0.0	Stimulus/S 21	22	631783
633.316	0.0	Stimulus/S 59	60	633316
634.882	0.0	Stimulus/S 27	28	634882
636.465	0.0	Stimulus/S 54	55	636465
637.998	0.0	Stimulus/S 41	42	637998
639.53	0.0	Stimulus/S  4	5	639530
641.08	0.0	Stimulus/S 81	82	641080
642.663	0.0	Stimulus/S 47	48	642663
644.229	0.0	Stimulus/S126	127	644229
645.762	0.0	Stimulus/S104	105	645762
647.261	0.0	Stimulus/S 64	65	647261
648.777	0.0	Stimulus/S 98	99	648777
650.377	0.0	Stimulus/S 20	21	650377
651.976	0.0	Stimulus/S 15	16	651976
653.492	0.0	Stimulus/S  6	7	653492
655.075	0.0	Stimulus/S 17	18	655075
656.641	0.0	Stimulus/S 60	61	656641
658.191	0.0	Stimulus/S 24	25	658191
659.69	0.0	Stimulus/S 78	79	659690
661.273	0.0	Stimulus/S125	126	661273
662.839	0.0	Stimulus/S105	106	662839
664.439	0.0	Stimulus/S 48	49	664439
666.022	0.0	Stimulus/S 51	52	666022
667.555	0.0	Stimulus/S 63	64	667555
669.104	0.0	Stimulus/S 86	87	669104
670.687	0.0	Stimulus/S 14	15	670687
672.27	0.0	Stimulus/S 49	50	672270
673.786	0.0	Stimulus/S116	117	673786
675.302	0.0	Stimulus/S 84	85	675302
676.851	0.0	Stimulus/S 33	34	676851
678.384	0.0	Stimulus/S 22	23	678384
679.934	0.0	Stimulus/S 55	56	679934
681.467	0.0	Stimulus/S 96	97	681467
682.966	0.0	Stimulus/S 19	20	682966
684.516	0.0	Stimulus/S 71	72	684516
686.098	0.0	Stimulus/S 92	93	686098
687.648	0.0	Stimulus/S 95	96	687648
689.181	0.0	Stimulus/S110	111	689181
690.764	0.0	Stimulus/S108	109	690764
692.263	0.0	Stimulus/S 68	69	692263
693.763	0.0	Stimulus/S 70	71	693763
695.279	0.0	Stimulus/S 44	45	695279
696.795	0.0	Stimulus/S 12	13	696795
698.311	0.0	Stimulus/S 40	41	698311
699.894	0.0	Stimulus/S122	123	699894
701.493	0.0	Stimulus/S 83	84	701493
703.06	0.0	Stimulus/S128	129	703060
705.556	0.0	Stimulus/S244	131	705556
710.346	0.0	Stimulus/S200	130	710346
713.373	0.0	Stimulus/S102	103	713373
714.956	0.0	Stimulus/S 30	31	714956
716.472	0.0	Stimulus/S 46	47	716472
718.038	0.0	Stimulus/S 28	29	718038
719.554	0.0	Stimulus/S115	116	719554
721.07	0.0	Stimulus/S 11	12	721070
722.586	0.0	Stimulus/S 80	81	722586
724.086	0.0	Stimulus/S 52	53	724086
725.669	0.0	Stimulus/S 53	54	725669
727.268	0.0	Stimulus/S 27	28	727268
728.851	0.0	Stimulus/S 43	44	728851
730.401	0.0	Stimulus/S106	107	730401
731.917	0.0	Stimulus/S 26	27	731917
733.516	0.0	Stimulus/S121	122	733516
735.066	0.0	Stimulus/S 35	36	735066
736.632	0.0	Stimulus/S  5	6	736632
738.148	0.0	Stimulus/S 92	93	738148
739.731	0.0	Stimulus/S100	101	739731
741.33	0.0	Stimulus/S 29	30	741330
742.93	0.0	Stimulus/S 61	62	742930
744.529	0.0	Stimulus/S  1	2	744529
746.062	0.0	Stimulus/S 23	24	746062
747.578	0.0	Stimulus/S 97	98	747578
749.178	0.0	Stimulus/S107	108	749178
750.761	0.0	Stimulus/S127	128	750761
752.31	0.0	Stimulus/S 49	50	752310
753.81	0.0	Stimulus/S 47	48	753810
755.342	0.0	Stimulus/S 62	63	755342
756.909	0.0	Stimulus/S122	123	756909
758.475	0.0	Stimulus/S118	119	758475
760.008	0.0	Stimulus/S 16	17	760008
761.607	0.0	Stimulus/S 12	13	761607
763.123	0.0	Stimulus/S 65	66	763123
764.706	0.0	Stimulus/S 95	96	764706
766.289	0.0	Stimulus/S 17	18	766289
767.855	0.0	Stimulus/S  9	10	767855
769.371	0.0	Stimulus/S 50	51	769371
770.887	0.0	Stimulus/S 36	37	770887
772.47	0.0	Stimulus/S105	106	772470
774.02	0.0	Stimulus/S 57	58	774020
775.519	0.0	Stimulus/S 75	76	775519
777.052	0.0	Stimulus/S 63	64	777052
778.635	0.0	Stimulus/S 90	91	778635
780.134	0.0	Stimulus/S 81	82	780134
781.667	0.0	Stimulus/S116	117	781667
783.233	0.0	Stimulus/S 42	43	783233
784.766	0.0	Stimulus/S 44	45	784766
786.299	0.0	Stimulus/S 32	33	786299
787.848	0.0	Stimulus/S 79	80	787848
789.431	0.0	Stimulus/S 58	59	789431
790.964	0.0	Stimulus/S 56	57	790964
792.497	0.0	Stimulus/S 88	89	792497
794.063	0.0	Stimulus/S110	111	794063
795.596	0.0	Stimulus/S 85	86	795596
797.112	0.0	Stimulus/S 14	15	797112
798.695	0.0	Stimulus/S124	125	798695
800.294	0.0	Stimulus/S 19	20	800294
801.844	0.0	Stimulus/S  4	5	801844
803.343	0.0	Stimulus/S 54	55	803343
804.843	0.0	Stimulus/S123	124	804843
806.376	0.0	Stimulus/S 18	19	806376
807.892	0.0	Stimulus/S109	110	807892
809.441	0.0	Stimulus/S113	114	809441
811.008	0.0	Stimulus/S120	121	811008
812.54	0.0	Stimulus/S 73	74	812540
814.073	0.0	Stimulus/S 87	88	814073
815.589	0.0	Stimulus/S 76	77	815589
817.156	0.0	Stimulus/S 84	85	817156
818.705	0.0	Stimulus/S 55	56	818705
820.305	0.0	Stimulus/S 78	79	820305
821.887	0.0	Stimulus/S119	120	821887
823.487	0.0	Stimulus/S 91	92	823487
825.07	0.0	Stimulus/S 24	25	825070
826.569	0.0	Stimulus/S 40	41	826569
828.102	0.0	Stimulus/S 67	68	828102
829.652	0.0	Stimulus/S  6	7	829652
831.217	0.0	Stimulus/S 20	21	831217
832.8	0.0	Stimulus/S 70	71	832800
834.317	0.0	Stimulus/S111	112	834317
835.833	0.0	Stimulus/S 41	42	835833
837.416	0.0	Stimulus/S 72	73	837416
838.948	0.0	Stimulus/S 64	65	838948
840.465	0.0	Stimulus/S 38	39	840465
841.997	0.0	Stimulus/S128	129	841997
843.597	0.0	Stimulus/S 48	49	843597
845.18	0.0	Stimulus/S 15	16	845180
846.729	0.0	Stimulus/S 59	60	846729
848.245	0.0	Stimulus/S 77	78	848245
849.845	0.0	Stimulus/S 99	100	849845
851.444	0.0	Stimulus/S 22	23	851444
853.01	0.0	Stimulus/S114	115	853010
854.593	0.0	Stimulus/S 69	70	854593
856.109	0.0	Stimulus/S117	118	856109
857.659	0.0	Stimulus/S 82	83	857659
859.192	0.0	Stimulus/S 74	75	859192
860.725	0.0	Stimulus/S 31	32	860725
862.274	0.0	Stimulus/S 34	35	862274
863.84	0.0	Stimulus/S  2	3	863840
865.423	0.0	Stimulus/S 60	61	865423
867.023	0.0	Stimulus/S 45	46	867023
868.605	0.0	Stimulus/S104	105	868605
870.155	0.0	Stimulus/S 89	90	870155
871.704	0.0	Stimulus/S108	109	871704
873.254	0.0	Stimulus/S 25	26	873254
874.837	0.0	Stimulus/S 94	95	874837
876.403	0.0	Stimulus/S 21	22	876403
877.936	0.0	Stimulus/S 68	69	877936
879.502	0.0	Stimulus/S 10	11	879502
881.001	0.0	Stimulus/S 39	40	881001
882.567	0.0	Stimulus/S103	104	882567
884.1	0.0	Stimulus/S 93	94	884100
885.666	0.0	Stimulus/S125	126	885666
887.233	0.0	Stimulus/S 51	52	887233
888.749	0.0	Stimulus/S  7	8	888749
890.315	0.0	Stimulus/S  3	4	890315
891.881	0.0	Stimulus/S 98	99	891881
893.397	0.0	Stimulus/S101	102	893397
894.963	0.0	Stimulus/S 37	38	894963
896.496	0.0	Stimulus/S 13	14	896496
897.996	0.0	Stimulus/S 96	97	897996
899.548	0.0	Stimulus/S126	127	899548
901.095	0.0	Stimulus/S 66	67	901095
902.678	0.0	Stimulus/S 71	72	902678
904.227	0.0	Stimulus/S112	113	904227
905.743	0.0	Stimulus/S 86	87	905743
907.293	0.0	Stimulus/S 33	34	907293
908.859	0.0	Stimulus/S  8	9	908859
910.408	0.0	Stimulus/S 83	84	910408
912.898	0.0	Stimulus/S244	131	912898
916.062	0.0	Stimulus/S200	130	916062
919.089	0.0	Stimulus/S113	114	919089
920.672	0.0	Stimulus/S100	101	920672
922.188	0.0	Stimulus/S 45	46	922188
923.771	0.0	Stimulus/S 44	45	923771
925.37	0.0	Stimulus/S115	116	925370
926.92	0.0	Stimulus/S 47	48	926920
928.452	0.0	Stimulus/S 54	55	928452
929.969	0.0	Stimulus/S  1	2	929969
931.535	0.0	Stimulus/S 46	47	931535
933.118	0.0	Stimulus/S128	129	933118
934.684	0.0	Stimulus/S117	118	934684
936.233	0.0	Stimulus/S  7	8	936233
937.766	0.0	Stimulus/S125	126	937766
939.366	0.0	Stimulus/S 40	41	939366
940.898	0.0	Stimulus/S 76	77	940898
942.448	0.0	Stimulus/S109	110	942448
944.014	0.0	Stimulus/S 41	42	944014
945.597	0.0	Stimulus/S 11	12	945597
947.196	0.0	Stimulus/S 66	67	947196
948.746	0.0	Stimulus/S 22	23	948746
950.295	0.0	Stimulus/S 94	95	950295
951.878	0.0	Stimulus/S 34	35	951878
953.394	0.0	Stimulus/S 59	60	953394
954.994	0.0	Stimulus/S114	115	954994
956.51	0.0	Stimulus/S 95	96	956510
958.076	0.0	Stimulus/S 42	43	958076
959.609	0.0	Stimulus/S 96	97	959609
961.208	0.0	Stimulus/S 13	14	961208
962.791	0.0	Stimulus/S  2	3	962791
964.357	0.0	Stimulus/S 15	16	964357
965.923	0.0	Stimulus/S 27	28	965923
967.473	0.0	Stimulus/S 37	38	967473
969.056	0.0	Stimulus/S 30	31	969056
970.589	0.0	Stimulus/S 23	24	970589
972.121	0.0	Stimulus/S 48	49	972121
973.638	0.0	Stimulus/S105	106	973638
975.237	0.0	Stimulus/S 75	76	975237
976.803	0.0	Stimulus/S 35	36	976803
978.336	0.0	Stimulus/S 51	52	978336
979.869	0.0	Stimulus/S 90	91	979869
981.402	0.0	Stimulus/S  5	6	981402
982.985	0.0	Stimulus/S 29	30	982985
984.517	0.0	Stimulus/S110	111	984517
986.034	0.0	Stimulus/S 72	73	986034
987.633	0.0	Stimulus/S 43	44	987633
989.216	0.0	Stimulus/S126	127	989216
990.782	0.0	Stimulus/S 67	68	990782
992.365	0.0	Stimulus/S 87	88	992365
993.881	0.0	Stimulus/S 81	82	993881
995.414	0.0	Stimulus/S 69	70	995414
996.913	0.0	Stimulus/S 36	37	996913
998.463	0.0	Stimulus/S 60	61	998463
1000.012	0.0	Stimulus/S 71	72	1000012
1001.529	0.0	Stimulus/S 18	19	1001529
1003.061	0.0	Stimulus/S 38	39	1003061
1004.594	0.0	Stimulus/S 16	17	1004594
1006.094	0.0	Stimulus/S 14	15	1006094
1007.676	0.0	Stimulus/S122	123	1007676
1009.176	0.0	Stimulus/S101	102	1009176
1010.726	0.0	Stimulus/S  6	7	1010726
1012.258	0.0	Stimulus/S 58	59	1012258
1013.824	0.0	Stimulus/S116	117	1013824
1015.374	0.0	Stimulus/S 63	64	1015374
1016.923	0.0	Stimulus/S 21	22	1016923
1018.456	0.0	Stimulus/S 84	85	1018456
1019.972	0.0	Stimulus/S 93	94	1019972
1021.522	0.0	Stimulus/S 78	79	1021522
1023.038	0.0	Stimulus/S 91	92	1023038
1024.588	0.0	Stimulus/S 61	62	1024588
1026.154	0.0	Stimulus/S 53	54	1026154
1027.687	0.0	Stimulus/S104	105	1027687
1029.253	0.0	Stimulus/S118	119	1029253
1030.769	0.0	Stimulus/S108	109	1030769
1032.318	0.0	Stimulus/S 20	21	1032318
1033.901	0.0	Stimulus/S 88	89	1033901
1035.484	0.0	Stimulus/S124	125	1035484
1037.067	0.0	Stimulus/S 98	99	1037067
1038.583	0.0	Stimulus/S 31	32	1038583
1040.099	0.0	Stimulus/S112	113	1040099
1041.615	0.0	Stimulus/S 64	65	1041615
1043.215	0.0	Stimulus/S 99	100	1043215
1044.764	0.0	Stimulus/S  3	4	1044764
1046.314	0.0	Stimulus/S 33	34	1046314
1047.847	0.0	Stimulus/S  4	5	1047847
1049.346	0.0	Stimulus/S 57	58	1049346
1050.929	0.0	Stimulus/S 62	63	1050929
1052.445	0.0	Stimulus/S 19	20	1052445
1054.011	0.0	Stimulus/S 77	78	1054011
1055.577	0.0	Stimulus/S 85	86	1055577
1057.11	0.0	Stimulus/S 82	83	1057110
1058.626	0.0	Stimulus/S 80	81	1058626
1060.126	0.0	Stimulus/S119	120	1060126
1061.692	0.0	Stimulus/S127	128	1061692
1063.275	0.0	Stimulus/S102	103	1063275
1064.874	0.0	Stimulus/S 65	66	1064874
1066.407	0.0	Stimulus/S 17	18	1066407
1068.007	0.0	Stimulus/S 12	13	1068007
1069.59	0.0	Stimulus/S 32	33	1069590
1071.089	0.0	Stimulus/S121	122	1071089
1072.605	0.0	Stimulus/S 86	87	1072605
1074.172	0.0	Stimulus/S 89	90	1074172
1075.771	0.0	Stimulus/S 74	75	1075771
1077.287	0.0	Stimulus/S123	124	1077287
1078.887	0.0	Stimulus/S  8	9	1078887
1080.42	0.0	Stimulus/S103	104	1080420
1082.002	0.0	Stimulus/S 55	56	1082002
1083.552	0.0	Stimulus/S 24	25	1083552
1085.101	0.0	Stimulus/S 52	53	1085101
1086.617	0.0	Stimulus/S 68	69	1086617
1088.183	0.0	Stimulus/S 56	57	1088183
1089.733	0.0	Stimulus/S 10	11	1089733
1091.299	0.0	Stimulus/S 97	98	1091299
1092.899	0.0	Stimulus/S 26	27	1092899
1094.398	0.0	Stimulus/S 92	93	1094398
1095.964	0.0	Stimulus/S107	108	1095964
1097.497	0.0	Stimulus/S 73	74	1097497
1098.997	0.0	Stimulus/S 83	84	1098997
1100.563	0.0	Stimulus/S 49	50	1100563
1102.079	0.0	Stimulus/S 25	26	1102079
1103.645	0.0	Stimulus/S 79	80	1103645
1105.195	0.0	Stimulus/S 39	40	1105195
1106.794	0.0	Stimulus/S106	107	1106794
1108.31	0.0	Stimulus/S111	112	1108310
1109.893	0.0	Stimulus/S  9	10	1109893
1111.476	0.0	Stimulus/S 50	51	1111476
1112.975	0.0	Stimulus/S 28	29	1112975
1114.525	0.0	Stimulus/S120	121	1114525
1116.108	0.0	Stimulus/S 70	71	1116108
1118.597	0.0	Stimulus/S244	131	1118597
1138.872	0.0	Stimulus/S200	130	1138872
1141.899	0.0	Stimulus/S100	101	1141899
1143.432	0.0	Stimulus/S 88	89	1143432
1144.982	0.0	Stimulus/S 89	90	1144982
1146.548	0.0	Stimulus/S103	104	1146548
1148.131	0.0	Stimulus/S  2	3	1148131
1149.647	0.0	Stimulus/S102	103	1149647
1151.213	0.0	Stimulus/S 18	19	1151213
1152.812	0.0	Stimulus/S 64	65	1152812
1154.395	0.0	Stimulus/S122	123	1154395
1155.961	0.0	Stimulus/S 27	28	1155961
1157.544	0.0	Stimulus/S116	117	1157544
1159.06	0.0	Stimulus/S 21	22	1159060
1160.593	0.0	Stimulus/S113	114	1160593
1162.176	0.0	Stimulus/S 54	55	1162176
1163.725	0.0	Stimulus/S 61	62	1163725
1165.258	0.0	Stimulus/S 85	86	1165258
1166.858	0.0	Stimulus/S 79	80	1166858
1168.374	0.0	Stimulus/S 43	44	1168374
1169.957	0.0	Stimulus/S 42	43	1169957
1171.49	0.0	Stimulus/S 57	58	1171490
1173.056	0.0	Stimulus/S 73	74	1173056
1174.572	0.0	Stimulus/S120	121	1174572
1176.088	0.0	Stimulus/S 96	97	1176088
1177.638	0.0	Stimulus/S112	113	1177638
1179.22	0.0	Stimulus/S128	129	1179220
1180.72	0.0	Stimulus/S 17	18	1180720
1182.286	0.0	Stimulus/S 22	23	1182286
1183.819	0.0	Stimulus/S 24	25	1183819
1185.368	0.0	Stimulus/S 86	87	1185368
1186.901	0.0	Stimulus/S 95	96	1186901
1188.434	0.0	Stimulus/S 36	37	1188434
1190.017	0.0	Stimulus/S 94	95	1190017
1191.566	0.0	Stimulus/S 12	13	1191566
1193.166	0.0	Stimulus/S 14	15	1193166
1194.715	0.0	Stimulus/S 28	29	1194715
1196.281	0.0	Stimulus/S123	124	1196281
1197.864	0.0	Stimulus/S 47	48	1197864
1199.464	0.0	Stimulus/S 65	66	1199464
1200.98	0.0	Stimulus/S 91	92	1200980
1202.496	0.0	Stimulus/S 77	78	1202496
1204.062	0.0	Stimulus/S 46	47	1204062
1205.645	0.0	Stimulus/S 87	88	1205645
1207.194	0.0	Stimulus/S 13	14	1207194
1208.794	0.0	Stimulus/S 70	71	1208794
1210.294	0.0	Stimulus/S126	127	1210294
1211.86	0.0	Stimulus/S 51	52	1211860
1213.442	0.0	Stimulus/S 92	93	1213442
1215.025	0.0	Stimulus/S 35	36	1215025
1216.625	0.0	Stimulus/S  6	7	1216625
1218.191	0.0	Stimulus/S 38	39	1218191
1219.774	0.0	Stimulus/S  3	4	1219774
1221.307	0.0	Stimulus/S  5	6	1221307
1222.889	0.0	Stimulus/S119	120	1222889
1224.406	0.0	Stimulus/S121	122	1224406
1225.972	0.0	Stimulus/S127	128	1225972
1227.538	0.0	Stimulus/S 11	12	1227538
1229.071	0.0	Stimulus/S  9	10	1229071
1230.637	0.0	Stimulus/S 58	59	1230637
1232.153	0.0	Stimulus/S 10	11	1232153
1233.686	0.0	Stimulus/S105	106	1233686
1235.202	0.0	Stimulus/S108	109	1235202
1236.752	0.0	Stimulus/S 90	91	1236752
1238.268	0.0	Stimulus/S 53	54	1238268
1239.867	0.0	Stimulus/S 55	56	1239867
1241.367	0.0	Stimulus/S 49	50	1241367
1242.949	0.0	Stimulus/S  8	9	1242949
1244.549	0.0	Stimulus/S 97	98	1244549
1246.098	0.0	Stimulus/S 74	75	1246098
1247.598	0.0	Stimulus/S 31	32	1247598
1249.197	0.0	Stimulus/S 84	85	1249197
1250.764	0.0	Stimulus/S 93	94	1250764
1252.313	0.0	Stimulus/S 23	24	1252313
1253.913	0.0	Stimulus/S 39	40	1253913
1255.495	0.0	Stimulus/S109	110	1255495
1257.062	0.0	Stimulus/S 37	38	1257062
1258.644	0.0	Stimulus/S101	102	1258644
1260.161	0.0	Stimulus/S 99	100	1260161
1261.693	0.0	Stimulus/S 33	34	1261693
1263.243	0.0	Stimulus/S 26	27	1263243
1264.759	0.0	Stimulus/S 40	41	1264759
1266.275	0.0	Stimulus/S 15	16	1266275
1267.841	0.0	Stimulus/S110	111	1267841
1269.408	0.0	Stimulus/S 29	30	1269408
1270.924	0.0	Stimulus/S 78	79	1270924
1272.473	0.0	Stimulus/S  7	8	1272473
1274.006	0.0	Stimulus/S 16	17	1274006
1275.522	0.0	Stimulus/S117	118	1275522
1277.088	0.0	Stimulus/S 48	49	1277088
1278.621	0.0	Stimulus/S 62	63	1278621
1280.221	0.0	Stimulus/S 81	82	1280221
1281.77	0.0	Stimulus/S 76	77	1281770
1283.336	0.0	Stimulus/S118	119	1283336
1284.919	0.0	Stimulus/S 63	64	1284919
1286.519	0.0	Stimulus/S 32	33	1286519
1288.051	0.0	Stimulus/S 69	70	1288051
1289.551	0.0	Stimulus/S 44	45	1289551
1291.117	0.0	Stimulus/S 20	21	1291117
1292.65	0.0	Stimulus/S114	115	1292650
1294.216	0.0	Stimulus/S  4	5	1294216
1295.766	0.0	Stimulus/S 66	67	1295766
1297.282	0.0	Stimulus/S 80	81	1297282
1298.831	0.0	Stimulus/S107	108	1298831
1300.364	0.0	Stimulus/S 60	61	1300364
1301.914	0.0	Stimulus/S 67	68	1301914
1303.413	0.0	Stimulus/S 82	83	1303413
1304.963	0.0	Stimulus/S 83	84	1304963
1306.462	0.0	Stimulus/S 34	35	1306462
1308.062	0.0	Stimulus/S 59	60	1308062
1309.644	0.0	Stimulus/S104	105	1309644
1311.227	0.0	Stimulus/S 56	57	1311227
1312.76	0.0	Stimulus/S111	112	1312760
1314.309	0.0	Stimulus/S 19	20	1314309
1315.892	0.0	Stimulus/S125	126	1315892
1317.408	0.0	Stimulus/S 71	72	1317408
1318.908	0.0	Stimulus/S 25	26	1318908
1320.458	0.0	Stimulus/S 50	51	1320458
1321.957	0.0	Stimulus/S 52	53	1321957
1323.473	0.0	Stimulus/S 45	46	1323473
1325.073	0.0	Stimulus/S 75	76	1325073
1326.639	0.0	Stimulus/S 98	99	1326639
1328.172	0.0	Stimulus/S 72	73	1328172
1329.754	0.0	Stimulus/S106	107	1329754
1331.287	0.0	Stimulus/S 41	42	1331287
1332.803	0.0	Stimulus/S 30	31	1332803
1334.353	0.0	Stimulus/S124	125	1334353
1335.902	0.0	Stimulus/S115	116	1335902
1337.419	0.0	Stimulus/S  1	2	1337419
1338.951	0.0	Stimulus/S 68	69	1338951
1341.441	0.0	Stimulus/S244	131	1341441
1349.737	0.0	Stimulus/S200	130	1349737
1352.763	0.0	Stimulus/S 54	55	1352763
1354.296	0.0	Stimulus/S 27	28	1354296
1355.879	0.0	Stimulus/S128	129	1355879
1357.445	0.0	Stimulus/S 89	90	1357445
1358.962	0.0	Stimulus/S 35	36	1358962
1360.511	0.0	Stimulus/S 91	92	1360511
1362.06	0.0	Stimulus/S 55	56	1362060
1363.61	0.0	Stimulus/S 79	80	1363610
1365.143	0.0	Stimulus/S 77	78	1365143
1366.659	0.0	Stimulus/S 94	95	1366659
1368.192	0.0	Stimulus/S  2	3	1368192
1369.725	0.0	Stimulus/S125	126	1369725
1371.274	0.0	Stimulus/S 60	61	1371274
1372.807	0.0	Stimulus/S 11	12	1372807
1374.34	0.0	Stimulus/S 50	51	1374340
1375.856	0.0	Stimulus/S 68	69	1375856
1377.406	0.0	Stimulus/S 45	46	1377406
1378.988	0.0	Stimulus/S 17	18	1378988
1380.571	0.0	Stimulus/S 18	19	1380571
1382.121	0.0	Stimulus/S103	104	1382121
1383.637	0.0	Stimulus/S 51	52	1383637
1385.22	0.0	Stimulus/S 38	39	1385220
1386.752	0.0	Stimulus/S 57	58	1386752
1388.302	0.0	Stimulus/S 71	72	1388302
1389.901	0.0	Stimulus/S105	106	1389901
1391.501	0.0	Stimulus/S 64	65	1391501
1393.084	0.0	Stimulus/S 62	63	1393084
1394.6	0.0	Stimulus/S 12	13	1394600
1396.199	0.0	Stimulus/S126	127	1396199
1397.749	0.0	Stimulus/S 48	49	1397749
1399.282	0.0	Stimulus/S120	121	1399282
1400.848	0.0	Stimulus/S 10	11	1400848
1402.431	0.0	Stimulus/S 96	97	1402431
1403.997	0.0	Stimulus/S 59	60	1403997
1405.563	0.0	Stimulus/S 13	14	1405563
1407.146	0.0	Stimulus/S 63	64	1407146
1408.745	0.0	Stimulus/S 43	44	1408745
1410.261	0.0	Stimulus/S  1	2	1410261
1411.778	0.0	Stimulus/S 24	25	1411778
1413.344	0.0	Stimulus/S 23	24	1413344
1414.86	0.0	Stimulus/S 61	62	1414860
1416.443	0.0	Stimulus/S 15	16	1416443
1418.042	0.0	Stimulus/S 75	76	1418042
1419.608	0.0	Stimulus/S 16	17	1419608
1421.191	0.0	Stimulus/S 32	33	1421191
1422.707	0.0	Stimulus/S 29	30	1422707
1424.257	0.0	Stimulus/S124	125	1424257
1425.823	0.0	Stimulus/S 26	27	1425823
1427.422	0.0	Stimulus/S114	115	1427422
1428.939	0.0	Stimulus/S 40	41	1428939
1430.488	0.0	Stimulus/S 30	31	1430488
1432.021	0.0	Stimulus/S 34	35	1432021
1433.554	0.0	Stimulus/S123	124	1433554
1435.137	0.0	Stimulus/S 65	66	1435137
1436.67	0.0	Stimulus/S122	123	1436670
1438.202	0.0	Stimulus/S 33	34	1438202
1439.802	0.0	Stimulus/S 22	23	1439802
1441.335	0.0	Stimulus/S 81	82	1441335
1442.884	0.0	Stimulus/S 44	45	1442884
1444.4	0.0	Stimulus/S 73	74	1444400
1445.966	0.0	Stimulus/S127	128	1445966
1447.533	0.0	Stimulus/S 20	21	1447533
1449.032	0.0	Stimulus/S 67	68	1449032
1450.582	0.0	Stimulus/S 90	91	1450582
1452.181	0.0	Stimulus/S  8	9	1452181
1453.78	0.0	Stimulus/S  5	6	1453780
1455.28	0.0	Stimulus/S109	110	1455280
1456.829	0.0	Stimulus/S 66	67	1456829
1458.329	0.0	Stimulus/S 97	98	1458329
1459.862	0.0	Stimulus/S 58	59	1459862
1461.395	0.0	Stimulus/S 84	85	1461395
1462.994	0.0	Stimulus/S  4	5	1462994
1464.577	0.0	Stimulus/S 87	88	1464577
1466.126	0.0	Stimulus/S 19	20	1466126
1467.626	0.0	Stimulus/S 86	87	1467626
1469.209	0.0	Stimulus/S 93	94	1469209
1470.775	0.0	Stimulus/S111	112	1470775
1472.358	0.0	Stimulus/S 92	93	1472358
1473.874	0.0	Stimulus/S 31	32	1473874
1475.473	0.0	Stimulus/S 88	89	1475473
1476.99	0.0	Stimulus/S112	113	1476990
1478.506	0.0	Stimulus/S118	119	1478506
1480.105	0.0	Stimulus/S 21	22	1480105
1481.671	0.0	Stimulus/S 83	84	1481671
1483.221	0.0	Stimulus/S 47	48	1483221
1484.787	0.0	Stimulus/S108	109	1484787
1486.303	0.0	Stimulus/S 70	71	1486303
1487.803	0.0	Stimulus/S101	102	1487803
1489.369	0.0	Stimulus/S113	114	1489369
1490.935	0.0	Stimulus/S 85	86	1490935
1492.484	0.0	Stimulus/S 80	81	1492484
1494.084	0.0	Stimulus/S115	116	1494084
1495.667	0.0	Stimulus/S 28	29	1495667
1497.25	0.0	Stimulus/S  3	4	1497250
1498.782	0.0	Stimulus/S 56	57	1498782
1500.349	0.0	Stimulus/S 72	73	1500349
1501.915	0.0	Stimulus/S 69	70	1501915
1503.431	0.0	Stimulus/S121	122	1503431
1504.98	0.0	Stimulus/S119	120	1504980
1506.48	0.0	Stimulus/S117	118	1506480
1508.046	0.0	Stimulus/S  7	8	1508046
1509.562	0.0	Stimulus/S 82	83	1509562
1511.078	0.0	Stimulus/S 76	77	1511078
1512.628	0.0	Stimulus/S102	103	1512628
1514.211	0.0	Stimulus/S  9	10	1514211
1515.727	0.0	Stimulus/S110	111	1515727
1517.26	0.0	Stimulus/S107	108	1517260
1518.759	0.0	Stimulus/S 99	100	1518759
1520.325	0.0	Stimulus/S106	107	1520325
1521.842	0.0	Stimulus/S 46	47	1521842
1523.391	0.0	Stimulus/S 41	42	1523391
1524.907	0.0	Stimulus/S 36	37	1524907
1526.49	0.0	Stimulus/S100	101	1526490
1528.073	0.0	Stimulus/S104	105	1528073
1529.606	0.0	Stimulus/S 95	96	1529606
1531.105	0.0	Stimulus/S 25	26	1531105
1532.705	0.0	Stimulus/S 42	43	1532705
1534.238	0.0	Stimulus/S  6	7	1534238
1535.787	0.0	Stimulus/S 74	75	1535787
1537.37	0.0	Stimulus/S 98	99	1537370
1538.919	0.0	Stimulus/S 39	40	1538919
1540.485	0.0	Stimulus/S 14	15	1540485
1542.018	0.0	Stimulus/S 78	79	1542018
1543.551	0.0	Stimulus/S 49	50	1543551
1545.117	0.0	Stimulus/S 53	54	1545117
1546.7	0.0	Stimulus/S 52	53	1546700
1548.2	0.0	Stimulus/S116	117	1548200
1549.782	0.0	Stimulus/S 37	38	1549782
1552.272	0.0	Stimulus/S244	131	1552272
1564.4	0.0	Stimulus/S200	130	1564400
1567.427	0.0	Stimulus/S 42	43	1567427
1568.993	0.0	Stimulus/S 74	75	1568993
1570.492	0.0	Stimulus/S 52	53	1570492
1572.008	0.0	Stimulus/S101	102	1572008
1573.575	0.0	Stimulus/S 61	62	1573575
1575.091	0.0	Stimulus/S 69	70	1575091
1576.64	0.0	Stimulus/S 24	25	1576640
1578.19	0.0	Stimulus/S 77	78	1578190
1579.706	0.0	Stimulus/S 67	68	1579706
1581.239	0.0	Stimulus/S126	127	1581239
1582.755	0.0	Stimulus/S 19	20	1582755
1584.338	0.0	Stimulus/S 76	77	1584338
1585.871	0.0	Stimulus/S 35	36	1585871
1587.403	0.0	Stimulus/S 63	64	1587403
1588.97	0.0	Stimulus/S114	115	1588970
1590.536	0.0	Stimulus/S107	108	1590536
1592.085	0.0	Stimulus/S 71	72	1592085
1593.685	0.0	Stimulus/S 14	15	1593685
1595.251	0.0	Stimulus/S 46	47	1595251
1596.834	0.0	Stimulus/S 45	46	1596834
1598.367	0.0	Stimulus/S 12	13	1598367
1599.966	0.0	Stimulus/S 48	49	1599966
1601.566	0.0	Stimulus/S117	118	1601566
1603.165	0.0	Stimulus/S  4	5	1603165
1604.714	0.0	Stimulus/S 23	24	1604714
1606.281	0.0	Stimulus/S 87	88	1606281
1607.847	0.0	Stimulus/S 55	56	1607847
1609.346	0.0	Stimulus/S 80	81	1609346
1610.896	0.0	Stimulus/S 54	55	1610896
1612.479	0.0	Stimulus/S 56	57	1612479
1614.028	0.0	Stimulus/S 39	40	1614028
1615.578	0.0	Stimulus/S  8	9	1615578
1617.177	0.0	Stimulus/S 93	94	1617177
1618.76	0.0	Stimulus/S110	111	1618760
1620.359	0.0	Stimulus/S102	103	1620359
1621.876	0.0	Stimulus/S 72	73	1621876
1623.475	0.0	Stimulus/S 34	35	1623475
1625.041	0.0	Stimulus/S 49	50	1625041
1626.574	0.0	Stimulus/S125	126	1626574
1628.107	0.0	Stimulus/S 36	37	1628107
1629.706	0.0	Stimulus/S 99	100	1629706
1631.256	0.0	Stimulus/S103	104	1631256
1632.839	0.0	Stimulus/S  1	2	1632839
1634.371	0.0	Stimulus/S108	109	1634371
1635.921	0.0	Stimulus/S 90	91	1635921
1637.52	0.0	Stimulus/S 95	96	1637520
1639.103	0.0	Stimulus/S 33	34	1639103
1640.603	0.0	Stimulus/S  9	10	1640603
1642.152	0.0	Stimulus/S 97	98	1642152
1643.685	0.0	Stimulus/S 38	39	1643685
1645.185	0.0	Stimulus/S115	116	1645185
1646.751	0.0	Stimulus/S 85	86	1646751
1648.25	0.0	Stimulus/S 86	87	1648250
1649.816	0.0	Stimulus/S 73	74	1649816
1651.333	0.0	Stimulus/S109	110	1651333
1652.865	0.0	Stimulus/S  7	8	1652865
1654.448	0.0	Stimulus/S122	123	1654448
1655.981	0.0	Stimulus/S 94	95	1655981
1657.48	0.0	Stimulus/S123	124	1657480
1659.063	0.0	Stimulus/S 32	33	1659063
1660.613	0.0	Stimulus/S 83	84	1660613
1662.129	0.0	Stimulus/S106	107	1662129
1663.678	0.0	Stimulus/S 78	79	1663678
1665.261	0.0	Stimulus/S 64	65	1665261
1666.861	0.0	Stimulus/S 58	59	1666861
1668.377	0.0	Stimulus/S 75	76	1668377
1669.96	0.0	Stimulus/S 44	45	1669960
1671.543	0.0	Stimulus/S105	106	1671543
1673.125	0.0	Stimulus/S  2	3	1673125
1674.658	0.0	Stimulus/S 81	82	1674658
1676.174	0.0	Stimulus/S 37	38	1676174
1677.741	0.0	Stimulus/S112	113	1677741
1679.307	0.0	Stimulus/S 17	18	1679307
1680.84	0.0	Stimulus/S 60	61	1680840
1682.389	0.0	Stimulus/S 70	71	1682389
1683.922	0.0	Stimulus/S 29	30	1683922
1685.505	0.0	Stimulus/S 47	48	1685505
1687.037	0.0	Stimulus/S 62	63	1687037
1688.604	0.0	Stimulus/S 16	17	1688604
1690.12	0.0	Stimulus/S 43	44	1690120
1691.703	0.0	Stimulus/S120	121	1691703
1693.219	0.0	Stimulus/S 66	67	1693219
1694.735	0.0	Stimulus/S 57	58	1694735
1696.251	0.0	Stimulus/S104	105	1696251
1697.851	0.0	Stimulus/S 84	85	1697851
1699.35	0.0	Stimulus/S 13	14	1699350
1700.916	0.0	Stimulus/S 89	90	1700916
1702.466	0.0	Stimulus/S 20	21	1702466
1704.065	0.0	Stimulus/S111	112	1704065
1705.648	0.0	Stimulus/S118	119	1705648
1707.231	0.0	Stimulus/S 26	27	1707231
1708.814	0.0	Stimulus/S 27	28	1708814
1710.413	0.0	Stimulus/S 28	29	1710413
1711.979	0.0	Stimulus/S 15	16	1711979
1713.512	0.0	Stimulus/S100	101	1713512
1715.062	0.0	Stimulus/S 92	93	1715062
1716.611	0.0	Stimulus/S 21	22	1716611
1718.194	0.0	Stimulus/S127	128	1718194
1719.727	0.0	Stimulus/S121	122	1719727
1721.293	0.0	Stimulus/S  6	7	1721293
1722.876	0.0	Stimulus/S 51	52	1722876
1724.442	0.0	Stimulus/S 31	32	1724442
1725.975	0.0	Stimulus/S 59	60	1725975
1727.508	0.0	Stimulus/S128	129	1727508
1729.04	0.0	Stimulus/S 41	42	1729040
1730.557	0.0	Stimulus/S  3	4	1730557
1732.056	0.0	Stimulus/S 82	83	1732056
1733.606	0.0	Stimulus/S 91	92	1733606
1735.122	0.0	Stimulus/S 30	31	1735122
1736.638	0.0	Stimulus/S 11	12	1736638
1738.187	0.0	Stimulus/S  5	6	1738187
1739.737	0.0	Stimulus/S 79	80	1739737
1741.286	0.0	Stimulus/S113	114	1741286
1742.836	0.0	Stimulus/S124	125	1742836
1744.352	0.0	Stimulus/S119	120	1744352
1745.868	0.0	Stimulus/S 53	54	1745868
1747.434	0.0	Stimulus/S 25	26	1747434
1748.934	0.0	Stimulus/S 96	97	1748934
1750.45	0.0	Stimulus/S 18	19	1750450
1752.016	0.0	Stimulus/S 68	69	1752016
1753.549	0.0	Stimulus/S 40	41	1753549
1755.115	0.0	Stimulus/S 10	11	1755115
1756.681	0.0	Stimulus/S 98	99	1756681
1758.281	0.0	Stimulus/S 65	66	1758281
1759.864	0.0	Stimulus/S116	117	1759864
1761.38	0.0	Stimulus/S 22	23	1761380
1762.913	0.0	Stimulus/S 88	89	1762913
1764.495	0.0	Stimulus/S 50	51	1764495
1766.985	0.0	Stimulus/S244	131	1766985
1791.059	0.0	Stimulus/S200	130	1791059
1794.086	0.0	Stimulus/S 38	39	1794086
1795.685	0.0	Stimulus/S114	115	1795685
1797.235	0.0	Stimulus/S  4	5	1797235
1798.751	0.0	Stimulus/S 24	25	1798751
1800.267	0.0	Stimulus/S 86	87	1800267
1801.85	0.0	Stimulus/S122	123	1801850
1803.399	0.0	Stimulus/S 72	73	1803399
1804.982	0.0	Stimulus/S126	127	1804982
1806.498	0.0	Stimulus/S 59	60	1806498
1808.048	0.0	Stimulus/S 71	72	1808048
1809.597	0.0	Stimulus/S106	107	1809597
1811.197	0.0	Stimulus/S 83	84	1811197
1812.713	0.0	Stimulus/S 82	83	1812713
1814.279	0.0	Stimulus/S 21	22	1814279
1815.812	0.0	Stimulus/S 60	61	1815812
1817.345	0.0	Stimulus/S 22	23	1817345
1818.894	0.0	Stimulus/S 97	98	1818894
1820.41	0.0	Stimulus/S 29	30	1820410
1822.01	0.0	Stimulus/S 61	62	1822010
1823.559	0.0	Stimulus/S 85	86	1823559
1825.109	0.0	Stimulus/S 55	56	1825109
1826.692	0.0	Stimulus/S 89	90	1826692
1828.208	0.0	Stimulus/S127	128	1828208
1829.791	0.0	Stimulus/S  7	8	1829791
1831.324	0.0	Stimulus/S 96	97	1831324
1832.923	0.0	Stimulus/S110	111	1832923
1834.439	0.0	Stimulus/S 74	75	1834439
1836.005	0.0	Stimulus/S 28	29	1836005
1837.571	0.0	Stimulus/S 76	77	1837571
1839.138	0.0	Stimulus/S  6	7	1839138
1840.704	0.0	Stimulus/S102	103	1840704
1842.203	0.0	Stimulus/S124	125	1842203
1843.769	0.0	Stimulus/S 95	96	1843769
1845.352	0.0	Stimulus/S 33	34	1845352
1846.918	0.0	Stimulus/S 41	42	1846918
1848.501	0.0	Stimulus/S116	117	1848501
1850.034	0.0	Stimulus/S  8	9	1850034
1851.584	0.0	Stimulus/S 65	66	1851584
1853.15	0.0	Stimulus/S 62	63	1853150
1854.733	0.0	Stimulus/S 79	80	1854733
1856.282	0.0	Stimulus/S 23	24	1856282
1857.798	0.0	Stimulus/S 98	99	1857798
1859.298	0.0	Stimulus/S 88	89	1859298
1860.831	0.0	Stimulus/S 25	26	1860831
1862.347	0.0	Stimulus/S  2	3	1862347
1863.913	0.0	Stimulus/S 90	91	1863913
1865.512	0.0	Stimulus/S 67	68	1865512
1867.012	0.0	Stimulus/S 51	52	1867012
1868.595	0.0	Stimulus/S 77	78	1868595
1870.194	0.0	Stimulus/S 26	27	1870194
1871.744	0.0	Stimulus/S 40	41	1871744
1873.31	0.0	Stimulus/S  1	2	1873310
1874.893	0.0	Stimulus/S 93	94	1874893
1876.459	0.0	Stimulus/S113	114	1876459
1878.008	0.0	Stimulus/S 69	70	1878008
1879.591	0.0	Stimulus/S 12	13	1879591
1881.107	0.0	Stimulus/S 46	47	1881107
1882.657	0.0	Stimulus/S101	102	1882657
1884.19	0.0	Stimulus/S 78	79	1884190
1885.722	0.0	Stimulus/S 18	19	1885722
1887.289	0.0	Stimulus/S 16	17	1887289
1888.855	0.0	Stimulus/S104	105	1888855
1890.421	0.0	Stimulus/S 54	55	1890421
1891.954	0.0	Stimulus/S 27	28	1891954
1893.453	0.0	Stimulus/S 53	54	1893453
1894.969	0.0	Stimulus/S125	126	1894969
1896.536	0.0	Stimulus/S 48	49	1896536
1898.118	0.0	Stimulus/S121	122	1898118
1899.701	0.0	Stimulus/S120	121	1899701
1901.267	0.0	Stimulus/S 19	20	1901267
1902.783	0.0	Stimulus/S 91	92	1902783
1904.35	0.0	Stimulus/S117	118	1904350
1905.883	0.0	Stimulus/S 68	69	1905883
1907.415	0.0	Stimulus/S 10	11	1907415
1909.015	0.0	Stimulus/S 49	50	1909015
1910.564	0.0	Stimulus/S 14	15	1910564
1912.13	0.0	Stimulus/S 75	76	1912130
1913.68	0.0	Stimulus/S123	124	1913680
1915.263	0.0	Stimulus/S 42	43	1915263
1916.812	0.0	Stimulus/S 37	38	1916812
1918.362	0.0	Stimulus/S 39	40	1918362
1919.895	0.0	Stimulus/S 66	67	1919895
1921.427	0.0	Stimulus/S107	108	1921427
1922.927	0.0	Stimulus/S  3	4	1922927
1924.51	0.0	Stimulus/S 73	74	1924510
1926.026	0.0	Stimulus/S115	116	1926026
1927.559	0.0	Stimulus/S 58	59	1927559
1929.075	0.0	Stimulus/S 84	85	1929075
1930.591	0.0	Stimulus/S 11	12	1930591
1932.191	0.0	Stimulus/S109	110	1932191
1933.79	0.0	Stimulus/S 50	51	1933790
1935.373	0.0	Stimulus/S 15	16	1935373
1936.956	0.0	Stimulus/S 36	37	1936956
1938.455	0.0	Stimulus/S 99	100	1938455
1940.005	0.0	Stimulus/S 30	31	1940005
1941.521	0.0	Stimulus/S 32	33	1941521
1943.054	0.0	Stimulus/S108	109	1943054
1944.637	0.0	Stimulus/S118	119	1944637
1946.236	0.0	Stimulus/S 80	81	1946236
1947.835	0.0	Stimulus/S 63	64	1947835
1949.418	0.0	Stimulus/S119	120	1949418
1950.951	0.0	Stimulus/S112	113	1950951
1952.534	0.0	Stimulus/S 13	14	1952534
1954.05	0.0	Stimulus/S 94	95	1954050
1955.616	0.0	Stimulus/S  5	6	1955616
1957.116	0.0	Stimulus/S 52	53	1957116
1958.615	0.0	Stimulus/S  9	10	1958615
1960.131	0.0	Stimulus/S 20	21	1960131
1961.664	0.0	Stimulus/S 87	88	1961664
1963.23	0.0	Stimulus/S 57	58	1963230
1964.763	0.0	Stimulus/S103	104	1964763
1966.363	0.0	Stimulus/S 44	45	1966363
1967.896	0.0	Stimulus/S 92	93	1967896
1969.412	0.0	Stimulus/S 47	48	1969412
1971.011	0.0	Stimulus/S 31	32	1971011
1972.527	0.0	Stimulus/S 70	71	1972527
1974.11	0.0	Stimulus/S 81	82	1974110
1975.66	0.0	Stimulus/S105	106	1975660
1977.193	0.0	Stimulus/S 56	57	1977193
1978.759	0.0	Stimulus/S111	112	1978759
1980.358	0.0	Stimulus/S 43	44	1980358
1981.858	0.0	Stimulus/S128	129	1981858
1983.407	0.0	Stimulus/S 45	46	1983407
1984.94	0.0	Stimulus/S 34	35	1984940
1986.473	0.0	Stimulus/S 64	65	1986473
1988.056	0.0	Stimulus/S 35	36	1988056
1989.605	0.0	Stimulus/S100	101	1989605
1991.121	0.0	Stimulus/S 17	18	1991121
1993.611	0.0	Stimulus/S244	131	1993611
2006.688	0.0	Stimulus/S200	130	2006688
2009.715	0.0	Stimulus/S 15	16	2009715
2011.248	0.0	Stimulus/S 65	66	2011248
2012.831	0.0	Stimulus/S125	126	2012831
2014.38	0.0	Stimulus/S 97	98	2014380
2015.946	0.0	Stimulus/S 20	21	2015946
2017.513	0.0	Stimulus/S 57	58	2017513
2019.095	0.0	Stimulus/S 68	69	2019095
2020.612	0.0	Stimulus/S117	118	2020612
2022.161	0.0	Stimulus/S 99	100	2022161
2023.694	0.0	Stimulus/S107	108	2023694
2025.193	0.0	Stimulus/S 81	82	2025193
2026.793	0.0	Stimulus/S104	105	2026793
2028.392	0.0	Stimulus/S113	114	2028392
2029.925	0.0	Stimulus/S 59	60	2029925
2031.425	0.0	Stimulus/S 53	54	2031425
2032.958	0.0	Stimulus/S 76	77	2032958
2034.524	0.0	Stimulus/S 16	17	2034524
2036.04	0.0	Stimulus/S 24	25	2036040
2037.639	0.0	Stimulus/S 19	20	2037639
2039.139	0.0	Stimulus/S128	129	2039139
2040.672	0.0	Stimulus/S116	117	2040672
2042.205	0.0	Stimulus/S 41	42	2042205
2043.721	0.0	Stimulus/S 43	44	2043721
2045.304	0.0	Stimulus/S 35	36	2045304
2046.82	0.0	Stimulus/S 33	34	2046820
2048.402	0.0	Stimulus/S 26	27	2048402
2049.969	0.0	Stimulus/S 80	81	2049969
2051.518	0.0	Stimulus/S110	111	2051518
2053.101	0.0	Stimulus/S 56	57	2053101
2054.617	0.0	Stimulus/S121	122	2054617
2056.2	0.0	Stimulus/S  3	4	2056200
2057.749	0.0	Stimulus/S118	119	2057749
2059.349	0.0	Stimulus/S 84	85	2059349
2060.898	0.0	Stimulus/S 28	29	2060898
2062.448	0.0	Stimulus/S 38	39	2062448
2063.998	0.0	Stimulus/S 13	14	2063998
2065.547	0.0	Stimulus/S 36	37	2065547
2067.046	0.0	Stimulus/S105	106	2067046
2068.596	0.0	Stimulus/S 72	73	2068596
2070.162	0.0	Stimulus/S 49	50	2070162
2071.712	0.0	Stimulus/S 54	55	2071712
2073.261	0.0	Stimulus/S 39	40	2073261
2074.827	0.0	Stimulus/S 78	79	2074827
2076.36	0.0	Stimulus/S109	110	2076360
2077.943	0.0	Stimulus/S 47	48	2077943
2079.509	0.0	Stimulus/S 90	91	2079509
2081.058	0.0	Stimulus/S 18	19	2081058
2082.625	0.0	Stimulus/S 34	35	2082625
2084.141	0.0	Stimulus/S 96	97	2084141
2085.69	0.0	Stimulus/S 89	90	2085690
2087.24	0.0	Stimulus/S102	103	2087240
2088.773	0.0	Stimulus/S 37	38	2088773
2090.289	0.0	Stimulus/S123	124	2090289
2091.838	0.0	Stimulus/S 44	45	2091838
2093.388	0.0	Stimulus/S120	121	2093388
2094.904	0.0	Stimulus/S 60	61	2094904
2096.47	0.0	Stimulus/S 83	84	2096470
2098.003	0.0	Stimulus/S 17	18	2098003
2099.519	0.0	Stimulus/S108	109	2099519
2101.085	0.0	Stimulus/S  8	9	2101085
2102.685	0.0	Stimulus/S 88	89	2102685
2104.218	0.0	Stimulus/S 51	52	2104218
2105.734	0.0	Stimulus/S 21	22	2105734
2107.267	0.0	Stimulus/S 55	56	2107267
2108.849	0.0	Stimulus/S  1	2	2108849
2110.366	0.0	Stimulus/S 30	31	2110366
2111.932	0.0	Stimulus/S101	102	2111932
2113.448	0.0	Stimulus/S122	123	2113448
2115.014	0.0	Stimulus/S 98	99	2115014
2116.547	0.0	Stimulus/S 50	51	2116547
2118.063	0.0	Stimulus/S106	107	2118063
2119.662	0.0	Stimulus/S 86	87	2119662
2121.245	0.0	Stimulus/S 63	64	2121245
2122.828	0.0	Stimulus/S 48	49	2122828
2124.328	0.0	Stimulus/S 11	12	2124328
2125.877	0.0	Stimulus/S124	125	2125877
2127.46	0.0	Stimulus/S 94	95	2127460
2129.043	0.0	Stimulus/S100	101	2129043
2130.576	0.0	Stimulus/S 62	63	2130576
2132.108	0.0	Stimulus/S 75	76	2132108
2133.608	0.0	Stimulus/S126	127	2133608
2135.157	0.0	Stimulus/S 45	46	2135157
2136.674	0.0	Stimulus/S 23	24	2136674
2138.24	0.0	Stimulus/S 85	86	2138240
2139.823	0.0	Stimulus/S 14	15	2139823
2141.355	0.0	Stimulus/S 93	94	2141355
2142.922	0.0	Stimulus/S 92	93	2142922
2144.454	0.0	Stimulus/S112	113	2144454
2146.021	0.0	Stimulus/S103	104	2146021
2147.52	0.0	Stimulus/S115	116	2147520
2149.103	0.0	Stimulus/S119	120	2149103
2150.619	0.0	Stimulus/S  2	3	2150619
2152.135	0.0	Stimulus/S 61	62	2152135
2153.735	0.0	Stimulus/S 71	72	2153735
2155.268	0.0	Stimulus/S 67	68	2155268
2156.8	0.0	Stimulus/S 52	53	2156800
2158.4	0.0	Stimulus/S 73	74	2158400
2159.999	0.0	Stimulus/S  7	8	2159999
2161.565	0.0	Stimulus/S 58	59	2161565
2163.082	0.0	Stimulus/S 66	67	2163082
2164.614	0.0	Stimulus/S 25	26	2164614
2166.164	0.0	Stimulus/S 12	13	2166164
2167.747	0.0	Stimulus/S114	115	2167747
2169.263	0.0	Stimulus/S 74	75	2169263
2170.846	0.0	Stimulus/S 32	33	2170846
2172.345	0.0	Stimulus/S 69	70	2172345
2173.928	0.0	Stimulus/S 46	47	2173928
2175.511	0.0	Stimulus/S 87	88	2175511
2177.11	0.0	Stimulus/S 31	32	2177110
2178.677	0.0	Stimulus/S  6	7	2178677
2180.259	0.0	Stimulus/S 27	28	2180259
2181.792	0.0	Stimulus/S 70	71	2181792
2183.358	0.0	Stimulus/S 42	43	2183358
2184.941	0.0	Stimulus/S 40	41	2184941
2186.507	0.0	Stimulus/S127	128	2186507
2188.023	0.0	Stimulus/S 79	80	2188023
2189.623	0.0	Stimulus/S  4	5	2189623
2191.172	0.0	Stimulus/S 91	92	2191172
2192.772	0.0	Stimulus/S 10	11	2192772
2194.371	0.0	Stimulus/S 95	96	2194371
2195.888	0.0	Stimulus/S  5	6	2195888
2197.42	0.0	Stimulus/S 77	78	2197420
2199.02	0.0	Stimulus/S 22	23	2199020
2200.536	0.0	Stimulus/S 64	65	2200536
2202.086	0.0	Stimulus/S  9	10	2202086
2203.585	0.0	Stimulus/S111	112	2203585
2205.151	0.0	Stimulus/S 82	83	2205151
2206.734	0.0	Stimulus/S 29	30	2206734
2209.224	0.0	Stimulus/S244	131	2209224